{
    "Bucket Sort": [
        0.002,
        0.011,
        0.11299999999999999,
        0.958,
        13.584999999999999
    ],
    "Gnome Sort": [
        0.002,
        0.149,
        23.167,
        2534.262,
        283869.87399999995
    ]
}