{
    "Bucket Sort": [
        0.002,
        0.02,
        0.11699999999999999,
        0.92,
        12.655
    ],
    "Gnome Sort": [
        0.003,
        0.196,
        23.028,
        2536.8179999999998,
        288913.66
    ]
}