{
    "Bucket Sort": [
        0.015000000000000001,
        0.014,
        0.08600000000000001,
        21.965,
        32.895
    ],
    "Gnome Sort": [
        0.003,
        0.003,
        0.034999999999999996,
        0.374,
        3.729
    ]
}