{
    "Bucket Sort": [
        0.014,
        0.016,
        0.082,
        20.894,
        31.354
    ],
    "Gnome Sort": [
        0.002,
        0.003,
        0.034999999999999996,
        0.36900000000000005,
        3.858
    ]
}