{
    "Bucket Sort": [
        0.003,
        0.009000000000000001,
        0.06899999999999999,
        0.812,
        8.886
    ],
    "Gnome Sort": [
        0.005,
        0.348,
        43.903999999999996,
        4988.607,
        564544.067
    ]
}