{
    "Bucket Sort": [
        0.004,
        0.008,
        0.06999999999999999,
        0.9129999999999999,
        8.801
    ],
    "Gnome Sort": [
        0.005,
        0.375,
        44.714999999999996,
        5016.356,
        568922.787
    ]
}